{
  "model_path": "output/garden_dense",
  "num_views": 5,
  "psnr": {
    "values": [
      77.0213851928711,
      76.2101058959961,
      77.93849182128906,
      75.83560180664062,
      76.30431365966797
    ],
    "mean": 76.66197967529297,
    "std": 0.744804787563647,
    "min": 75.83560180664062,
    "max": 77.93849182128906
  },
  "ssim": {
    "values": [
      0.9999950528144836,
      0.9999942779541016,
      0.9999950528144836,
      0.9999948143959045,
      0.999995231628418
    ],
    "mean": 0.9999948859214782,
    "std": 3.3165044172390834e-07,
    "min": 0.9999942779541016,
    "max": 0.999995231628418
  },
  "quality_assessment": "Excellent - negligible difference",
  "deployment_recommendation": "\u2705 SAFE to deploy"
}